"Authors","Author full names","Author(s) ID","Title","Year","DOI","Link","Affiliations","Authors with affiliations","ISSN","ISBN","CODEN","Open Access"
"Zhuravinskyi M.; Maletskyi D.; Kravets I.; Kapshii O.; Farenyuk O.","Zhuravinskyi, Maxym (58765651900); Maletskyi, Denys (58765652000); Kravets, Igor (58765782800); Kapshii, Oleg (51561792400); Farenyuk, Oleg (13405696200)","58765651900; 58765652000; 58765782800; 51561792400; 13405696200","Decentralized Provisioning Algorithm For BLE Mesh Network","2023","10.1109/CSIT61576.2023.10324056","https://www.scopus.com/inward/record.uri?eid=2-s2.0-85179843087&doi=10.1109%2fCSIT61576.2023.10324056&partnerID=40&md5=bca46f8171190485da795195e4707b1c","Catholic University, Faculty of Applied Sciences of Ukrainian, L'viv, Ukraine; Institute for Condensed Matter Physics, National Academy of Sciences of Ukraine, L'viv, Ukraine; Infineon Technologies, L'viv, Ukraine","Zhuravinskyi M., Catholic University, Faculty of Applied Sciences of Ukrainian, L'viv, Ukraine; Maletskyi D., Catholic University, Faculty of Applied Sciences of Ukrainian, L'viv, Ukraine; Kravets I., Infineon Technologies, L'viv, Ukraine; Kapshii O., Infineon Technologies, L'viv, Ukraine; Farenyuk O., Institute for Condensed Matter Physics, National Academy of Sciences of Ukraine, L'viv, Ukraine, Infineon Technologies, L'viv, Ukraine","27663655","979-835036046-2","",""
"Antoniuk D.S.; Vakaliuk T.A.; Didkivskyi V.V.; Vizghalov O.Yu.","Antoniuk, Dmytro S. (57216847072); Vakaliuk, Tetiana A. (57211133927); Didkivskyi, Vladyslav V. (57433774100); Vizghalov, Oleksandr Yu. (57219929773)","57216847072; 57211133927; 57433774100; 57219929773","Development of a simulator to determine personal financial strategies using machine learning","2022","","https://www.scopus.com/inward/record.uri?eid=2-s2.0-85123767571&partnerID=40&md5=3cb627805912301ea0fda4cd21d844a3","Zhytomyr Polytechnic State University, 103 Chudnivsyka Str., Zhytomyr, 10005, Ukraine; Institute of Information Technologies, Learning Tools of the NAES of Ukraine, 9 M. Berlynskoho Str., Kyiv, 04060, Ukraine; Kryvyi Rih State Pedagogical University, 54 Gagarin Ave., Kryvyi Rih, 50086, Ukraine","Antoniuk D.S., Zhytomyr Polytechnic State University, 103 Chudnivsyka Str., Zhytomyr, 10005, Ukraine; Vakaliuk T.A., Zhytomyr Polytechnic State University, 103 Chudnivsyka Str., Zhytomyr, 10005, Ukraine, Institute of Information Technologies, Learning Tools of the NAES of Ukraine, 9 M. Berlynskoho Str., Kyiv, 04060, Ukraine, Kryvyi Rih State Pedagogical University, 54 Gagarin Ave., Kryvyi Rih, 50086, Ukraine; Didkivskyi V.V., Zhytomyr Polytechnic State University, 103 Chudnivsyka Str., Zhytomyr, 10005, Ukraine; Vizghalov O.Yu., Zhytomyr Polytechnic State University, 103 Chudnivsyka Str., Zhytomyr, 10005, Ukraine","16130073","","",""
"Uhryn D.; Lytvyn V.; Lendiuk T.","Uhryn, Dmytro (57163746300); Lytvyn, Vasyl (56446930100); Lendiuk, Taras (57711749100)","57163746300; 56446930100; 57711749100","Method of Selecting and Determining the Free Parameters of Swarm Intelligent Algorithms for Optimizing Solutions in GIS","2021","10.1109/IDAACS53288.2021.9661024","https://www.scopus.com/inward/record.uri?eid=2-s2.0-85124791376&doi=10.1109%2fIDAACS53288.2021.9661024&partnerID=40&md5=94137f23c3283c0a5b1fe5eebbaaec12","Chernivtsi Faculty of The National Technical University 'Kharkiv Polytechnic Institute', Department of Information Systems, Holovna str., 203A, Chernivtsi, 58000, Ukraine; Lviv Polytechnic National University, Department of Information Systems and Networks, Bandery str., 12, Lviv, 79013, Ukraine; West Ukrainian National University, Department For Information-Computing Systems and Control, 3 Peremoga Square, Ternopil, 46020, Ukraine","Uhryn D., Chernivtsi Faculty of The National Technical University 'Kharkiv Polytechnic Institute', Department of Information Systems, Holovna str., 203A, Chernivtsi, 58000, Ukraine; Lytvyn V., Lviv Polytechnic National University, Department of Information Systems and Networks, Bandery str., 12, Lviv, 79013, Ukraine; Lendiuk T., West Ukrainian National University, Department For Information-Computing Systems and Control, 3 Peremoga Square, Ternopil, 46020, Ukraine","","978-166542605-3","",""
"Kuznetsov A.; Yeromin Y.; Shapoval O.; Chernov K.; Popova M.; Serdukov K.","Kuznetsov, Alexandr (55428957200); Yeromin, Yehor (57203141277); Shapoval, Oleksiy (57208665851); Chernov, Kyrylo (57207781410); Popova, Mariia (57208668910); Serdukov, Kostyantyn (57215302040)","55428957200; 57203141277; 57208665851; 57207781410; 57208668910; 57215302040","Automated software vulnerability testing using deep learning methods","2019","10.1109/UKRCON.2019.8879997","https://www.scopus.com/inward/record.uri?eid=2-s2.0-85074905452&doi=10.1109%2fUKRCON.2019.8879997&partnerID=40&md5=fb6a01cfb985234c287501407e19bfe6","V. N. Karazin Kharkiv National University, Kharkiv, Ukraine; Kyiv National University of Trade and Economics, Kyiv, Ukraine","Kuznetsov A., V. N. Karazin Kharkiv National University, Kharkiv, Ukraine; Yeromin Y., V. N. Karazin Kharkiv National University, Kharkiv, Ukraine; Shapoval O., V. N. Karazin Kharkiv National University, Kharkiv, Ukraine; Chernov K., V. N. Karazin Kharkiv National University, Kharkiv, Ukraine; Popova M., V. N. Karazin Kharkiv National University, Kharkiv, Ukraine; Serdukov K., Kyiv National University of Trade and Economics, Kyiv, Ukraine","","978-172813882-4","",""
"Fedorov E.; Nechyporenko O.; Chychuzhko M.; Chychuzhko V.; Leshchenko R.","Fedorov, Eugene (47161155900); Nechyporenko, Olga (57216488854); Chychuzhko, Maryna (57193454434); Chychuzhko, Vladyslav (57670690300); Leshchenko, Ruslan (58558076000)","47161155900; 57216488854; 57193454434; 57670690300; 58558076000","NEURAL NETWORK-BASED METHODS FOR FINDING THE SHORTEST PATH AND ESTABLISHING ASSOCIATIVE CONNECTIONS BETWEEN OBJECTS; [НЕЙРОМЕРЕЖЕВІ МЕТОДИ ПОШУКУ НАЙКОРОТШИХ ШЛЯХІВ ТА ВСТАНОВЛЕННЯ АСОЦІАТИВНИХ ЗВ’ЯЗКІВ МІЖ ОБ’ЄКТАМИ]","2023","10.32620/REKS.2023.2.05","https://www.scopus.com/inward/record.uri?eid=2-s2.0-85169423328&doi=10.32620%2fREKS.2023.2.05&partnerID=40&md5=e09eb7ff6d28296dd99fced4700d0b36","Department of Robotics and specialized computer systems, Cherkasy State Technological University, Cherkasy, Ukraine; Department of Robotics and specialized computer systems, Cherkasy State Technological University, Cherkasy, Ukraine; Department of Robotics and specialized computer systems, Cherkasy State Technological University, Cherkasy, Ukraine","Fedorov E., Department of Robotics and specialized computer systems, Cherkasy State Technological University, Cherkasy, Ukraine; Nechyporenko O., Department of Robotics and specialized computer systems, Cherkasy State Technological University, Cherkasy, Ukraine; Chychuzhko M., Department of Robotics and specialized computer systems, Cherkasy State Technological University, Cherkasy, Ukraine; Chychuzhko V., Department of Robotics and specialized computer systems, Cherkasy State Technological University, Cherkasy, Ukraine; Leshchenko R., Department of Robotics and specialized computer systems, Cherkasy State Technological University, Cherkasy, Ukraine","18144225","","","All Open Access; Gold Open Access"
"Bazhinov O.; Gerlici J.; Kravchenko O.; Haiek Y.; Bazhynova T.; Zaverukha R.; Kravchenko K.","Bazhinov, Oleksiy (57381360800); Gerlici, Juraj (23990527400); Kravchenko, Oleksandr (58243704100); Haiek, Yevhen (57224370867); Bazhynova, Tetiana (57193132749); Zaverukha, Ruslan (57382424400); Kravchenko, Kateryna (57192100112)","57381360800; 23990527400; 58243704100; 57224370867; 57193132749; 57382424400; 57192100112","Development of a method for evaluating the technical condition of a car’s hybrid powertrain","2021","10.3390/sym13122356","https://www.scopus.com/inward/record.uri?eid=2-s2.0-85121558587&doi=10.3390%2fsym13122356&partnerID=40&md5=9e8c8b89d7120279549a86d575d2e086","Department of Technical Operation and Service of Automobiles Named M. Govorushchenko, Kharkiv National Automobile and Highway University, Yaroslava Mudrogo 25, Kharkiv, 61002, Ukraine; Department of Transport and Handling Machines, University of Zilina, Univerzitna 1, Zilina, 010 26, Slovakia; The Department of Automobile and Transport Technologies, Zhytomyr Polytechnic State University, Chudnivska 103, Zhytomyr, 10005, Ukraine; Department of Optimization of Technological Systems Named after T. Yevsiukov, Kharkiv Petro Vasylenko National Technical University of Agriculture, Alchevsky 44, Kharkiv, 61002, Ukraine; Department of Tractors and Automobiles, Kharkiv Petro Vasylenko National Technical University of Agriculture, Yaroslava Mudrogo 25, Kharkiv, 61002, Ukraine; Department of Automobiles, Ternopil Ivan Puluj National Technical University, Ruska 56, Ternopil, 46001, Ukraine","Bazhinov O., Department of Technical Operation and Service of Automobiles Named M. Govorushchenko, Kharkiv National Automobile and Highway University, Yaroslava Mudrogo 25, Kharkiv, 61002, Ukraine; Gerlici J., Department of Transport and Handling Machines, University of Zilina, Univerzitna 1, Zilina, 010 26, Slovakia; Kravchenko O., The Department of Automobile and Transport Technologies, Zhytomyr Polytechnic State University, Chudnivska 103, Zhytomyr, 10005, Ukraine; Haiek Y., Department of Optimization of Technological Systems Named after T. Yevsiukov, Kharkiv Petro Vasylenko National Technical University of Agriculture, Alchevsky 44, Kharkiv, 61002, Ukraine; Bazhynova T., Department of Tractors and Automobiles, Kharkiv Petro Vasylenko National Technical University of Agriculture, Yaroslava Mudrogo 25, Kharkiv, 61002, Ukraine; Zaverukha R., Department of Automobiles, Ternopil Ivan Puluj National Technical University, Ruska 56, Ternopil, 46001, Ukraine; Kravchenko K., Department of Transport and Handling Machines, University of Zilina, Univerzitna 1, Zilina, 010 26, Slovakia","20738994","","","All Open Access; Gold Open Access"
"Kravets P.; Vysotska V.; Lytvyn V.; Chyrun L.","Kravets, Petro (6603085655); Vysotska, Victoria (24484045400); Lytvyn, Vasyl (56446930100); Chyrun, Lyubomyr (55225672300)","6603085655; 24484045400; 56446930100; 55225672300","Adaptive Decision-Making Strategies in the Game with Environment","2023","10.1007/978-3-031-16203-9_17","https://www.scopus.com/inward/record.uri?eid=2-s2.0-85138699381&doi=10.1007%2f978-3-031-16203-9_17&partnerID=40&md5=8dec2054c1305de9980a61cb84bcfc8d","Lviv Polytechnic National University, Lviv, Ukraine; Osnabrück University, Osnabrück, Germany; Ivan Franko National University of Lviv, Lviv, Ukraine","Kravets P., Lviv Polytechnic National University, Lviv, Ukraine; Vysotska V., Lviv Polytechnic National University, Lviv, Ukraine, Osnabrück University, Osnabrück, Germany; Lytvyn V., Lviv Polytechnic National University, Lviv, Ukraine; Chyrun L., Ivan Franko National University of Lviv, Lviv, Ukraine","23674512","","",""
"Boyko N.; Korkishko V.; Dohnyak B.; Vovk O.","Boyko, Nataliya (57191967462); Korkishko, Volodymyr (57204076274); Dohnyak, Bohdan (57204076679); Vovk, Olena (57198346128)","57191967462; 57204076274; 57204076679; 57198346128","Use of neural networks in Q-Learning algorithm","2018","10.1007/978-3-030-00840-6_21","https://www.scopus.com/inward/record.uri?eid=2-s2.0-85054369755&doi=10.1007%2f978-3-030-00840-6_21&partnerID=40&md5=a5e8fae13499b506c9c4fffab12b24f7","Lviv Polytechnic National University, Lviv, 79013, Ukraine","Boyko N., Lviv Polytechnic National University, Lviv, 79013, Ukraine; Korkishko V., Lviv Polytechnic National University, Lviv, 79013, Ukraine; Dohnyak B., Lviv Polytechnic National University, Lviv, 79013, Ukraine; Vovk O., Lviv Polytechnic National University, Lviv, 79013, Ukraine","18650929","978-303000839-0","",""
"Ignatenko O.; Pravosud R.","Ignatenko, Oleksii (58781318200); Pravosud, Ruslan (58781385700)","58781318200; 58781385700","Solving Sokoban Game with a Heuristic for Avoiding Dead-End States","2023","10.1007/978-3-031-48325-7_4","https://www.scopus.com/inward/record.uri?eid=2-s2.0-85180620081&doi=10.1007%2f978-3-031-48325-7_4&partnerID=40&md5=7cc50fce563301f6763c6b150d44a16f","Kyiv Academic University, Kyiv, Ukraine; Ukraine Catholic University, Lviv, Ukraine","Ignatenko O., Ukraine Catholic University, Lviv, Ukraine; Pravosud R., Kyiv Academic University, Kyiv, Ukraine","18650929","978-303148324-0","",""
"Adamov A.; Carlsson A.","Adamov, Alexander (24483070600); Carlsson, Anders (57195753097)","24483070600; 57195753097","Reinforcement Learning for Anti-Ransomware Testing","2020","10.1109/EWDTS50664.2020.9225141","https://www.scopus.com/inward/record.uri?eid=2-s2.0-85096415455&doi=10.1109%2fEWDTS50664.2020.9225141&partnerID=40&md5=66d90ca090ecd8948fc66ebe4490ef3a","Kharkiv National University of Radio Electronics, NioGuard Security Lab, Kharkiv, Ukraine; Blekinge Institute of Technology, Dep. of Computer Science, Karlskrona, Sweden","Adamov A., Kharkiv National University of Radio Electronics, NioGuard Security Lab, Kharkiv, Ukraine; Carlsson A., Blekinge Institute of Technology, Dep. of Computer Science, Karlskrona, Sweden","","978-172819899-6","","All Open Access; Green Open Access"
"Kryvenchuk Y.; Petrenko D.; Cichoń D.; Malynovskyy Y.; Helzhynska T.","Kryvenchuk, Yurii (57198358655); Petrenko, Dmytro (57210416121); Cichoń, Dariusz (57779905500); Malynovskyy, Yuriy (57200140415); Helzhynska, Tetiana (57211626257)","57198358655; 57210416121; 57779905500; 57200140415; 57211626257","Selection of Deep Reinforcement Learning Using a Genetic Algorithm","2022","","https://www.scopus.com/inward/record.uri?eid=2-s2.0-85134775803&partnerID=40&md5=1b65910d2c560fd669d4eefdd262b628","Lviv Polytechnic National University, Stepana Bandery Street 12, Lviv, 79013, Ukraine; AGH University of Science and Technology, al. Mickiewicza 30, Krakow, 30059, Poland","Kryvenchuk Y., Lviv Polytechnic National University, Stepana Bandery Street 12, Lviv, 79013, Ukraine; Petrenko D., Lviv Polytechnic National University, Stepana Bandery Street 12, Lviv, 79013, Ukraine; Cichoń D., AGH University of Science and Technology, al. Mickiewicza 30, Krakow, 30059, Poland; Malynovskyy Y., Lviv Polytechnic National University, Stepana Bandery Street 12, Lviv, 79013, Ukraine; Helzhynska T., Lviv Polytechnic National University, Stepana Bandery Street 12, Lviv, 79013, Ukraine","16130073","","",""
"Pavlyshenko B.M.","Pavlyshenko, Bohdan M. (8521299600)","8521299600","SALES TIME SERIES ANALYTICS USING DEEP Q-LEARNING","2020","10.47839/IJC.19.3.1892","https://www.scopus.com/inward/record.uri?eid=2-s2.0-85102530532&doi=10.47839%2fIJC.19.3.1892&partnerID=40&md5=9bdefc2664f2370e209fdf66ae477b09","Ivan Franko National University of Lviv, Ukraine","Pavlyshenko B.M., Ivan Franko National University of Lviv, Ukraine","17276209","","","All Open Access; Green Open Access; Hybrid Gold Open Access"
"Kortus T.; Keidel R.; Gauger N.R.; Aehle M.; Alme J.; Barnaföldi G.G.; Bodova T.; Borshchov V.; Vanden Brink A.; Chaar M.; Eikeland V.; Feofilov G.; Garth C.; Genov G.; Grøttvik O.; Helstrup H.; Igolkin S.; Kobdaj C.; Leonhardt V.; Mehendale S.; Mulawade R.N.; Odland O.H.; O'Neill G.; Papp G.; Peitzmann T.; Pettersen H.E.S.; Piersimoni P.; Protsenko M.; Rauch M.; Ur Rehman A.; Richter M.; Röhrich D.; Santana J.; Schilling A.; Seco J.; Songmoolnak A.; Sudár Á.; Salie J.R.; Tambave G.; Tymchuk I.; Ullaland K.; Varga-Kofarago M.; Volz L.; Wagner B.; Wendzel S.; Wiebel A.; Xiao R.; Yang S.; Yokoyama H.; Zillien S.","Kortus, Tobias (57226191189); Keidel, Ralf (14018037700); Gauger, Nicolas R. (6506992224); Aehle, Max (57226182887); Alme, Johan (14017839600); Barnaföldi, Gergely Gábor (57202567842); Bodova, Tea (57217070280); Borshchov, Vyacheslav (13609149600); Vanden Brink, Anthony (58697386100); Chaar, Mamdouh (15736643100); Eikeland, Viljar (57209181181); Feofilov, Gregory (7006940332); Garth, Christoph (23099744400); Genov, Georgi (6603828986); Grøttvik, Ola (57209175643); Helstrup, Håvard (6701607173); Igolkin, Sergey (6506043240); Kobdaj, Chinorat (57194221209); Leonhardt, Viktor (57224081750); Mehendale, Shruti (57209174838); Mulawade, Raju Ningappa (57226196316); Odland, Odd Harald (6507113550); O'Neill, George (58612807000); Papp, Gabor (35564101600); Peitzmann, Thomas (57205274307); Pettersen, Helge Egil Seime (57194014716); Piersimoni, Pierluigi (56241682100); Protsenko, Maksym (14523312300); Rauch, Max (7005831821); Ur Rehman, Attiq (25823353200); Richter, Matthias (57193396583); Röhrich, Dieter (7004734027); Santana, Joshua (57226191436); Schilling, Alexander (57226193874); Seco, Joao (8731672900); Songmoolnak, Arnon (57204365090); Sudár, Ákos (57219820325); Salie, Jarle Rambo (58697109300); Tambave, Ganesh (35729861900); Tymchuk, Ihor (14523615200); Ullaland, Kjetil (14018748700); Varga-Kofarago, Monika (57205464510); Volz, Lennart (57193329112); Wagner, Boris (38962122800); Wendzel, Steffen (53868507600); Wiebel, Alexander (14828309700); Xiao, RenZheng (55632887800); Yang, Shiming (57215371263); Yokoyama, Hiroki (55261494900); Zillien, Sebastian (57203093198)","57226191189; 14018037700; 6506992224; 57226182887; 14017839600; 57202567842; 57217070280; 13609149600; 58697386100; 15736643100; 57209181181; 7006940332; 23099744400; 6603828986; 57209175643; 6701607173; 6506043240; 57194221209; 57224081750; 57209174838; 57226196316; 6507113550; 58612807000; 35564101600; 57205274307; 57194014716; 56241682100; 14523312300; 7005831821; 25823353200; 57193396583; 7004734027; 57226191436; 57226193874; 8731672900; 57204365090; 57219820325; 58697109300; 35729861900; 14523615200; 14018748700; 57205464510; 57193329112; 38962122800; 53868507600; 14828309700; 55632887800; 57215371263; 55261494900; 57203093198","Towards Neural Charged Particle Tracking in Digital Tracking Calorimeters With Reinforcement Learning","2023","10.1109/TPAMI.2023.3305027","https://www.scopus.com/inward/record.uri?eid=2-s2.0-85168280255&doi=10.1109%2fTPAMI.2023.3305027&partnerID=40&md5=4cb0d57d1565b2ea27407e5042c0e7a8","Scientific Computing, TU Kaiserslautern, Kaiserslautern, 67663, Germany; Department of Physics and Technology, University of Bergen, Bergen, 5007, Norway; Wigner Research Centre for Physics, Budapest, Hungary; Research and Production Enterprise LTU (RPELTU), Kharkiv, Ukraine; Institute for Subatomic Physics, Utrecht University/Nikhef, Utrecht, Netherlands; St. Petersburg University, St. Petersburg, Russian Federation; ScientificVisualization Lab, TUKaiserslautern, Kaiserslautern, 67663, Germany; Department of Computer Science, Electrical Engineering and Mathematical Sciences, Western Norway University of Applied Sciences, Bergen, 5020, Norway; Center for Technology and Transfer (ZTT), University of Applied Sciences Worms, Worms, Germany; Institute of Science, Suranaree University of Technology, Nakhon Ratchasima, Thailand; Department of Oncology and Medical Physics, Haukeland University Hospital, Bergen, 5021, Norway; Institute for Physics, Eötvös Loránd University, 1/A Pázmány P. Sétány, Budapest, H-1117, Hungary; UniCamillus-Saint Camillus International University of Health Sciences, Rome, Italy; Department of Physics, University of Oslo, Oslo, 0371, Norway; Department of Biomedical Physics in Radiation Oncology, DKFZ-German Cancer Research Center, Heidelberg, Germany; Department of Physics and Astronomy, Heidelberg University, Heidelberg, Germany; Budapest University of Technology and Economics, Budapest, Hungary; Department of Diagnostic Physics, Division of Radiology and Nuclear Medicine, Oslo University Hospital, Oslo, Norway; Center for Medical and Radiation Physics (CMRP), National Institute of Science Education and Research (NISER), Bhubaneswar, India; Biophysics, GSI Helmholtz Center for Heavy Ion Research GmbH, Darmstadt, Germany; Department of Medical Physics and Biomedical Engineering, University College London, London, United Kingdom; College of Mechanical & Power Engineering, China Three Gorges University, Yichang, China; University of Applied Sciences Worms, Center for Technology and Transfer (ZTT), Worms, 67549, Germany; TU Kaiserslautern, Scientific Computing, Kaiserslautern, 67663, Germany","Kortus T., University of Applied Sciences Worms, Center for Technology and Transfer (ZTT), Worms, 67549, Germany; Keidel R., University of Applied Sciences Worms, Center for Technology and Transfer (ZTT), Worms, 67549, Germany; Gauger N.R., TU Kaiserslautern, Scientific Computing, Kaiserslautern, 67663, Germany; Aehle M., Scientific Computing, TU Kaiserslautern, Kaiserslautern, 67663, Germany; Alme J., Department of Physics and Technology, University of Bergen, Bergen, 5007, Norway; Barnaföldi G.G., Wigner Research Centre for Physics, Budapest, Hungary; Bodova T., Department of Physics and Technology, University of Bergen, Bergen, 5007, Norway; Borshchov V., Research and Production Enterprise LTU (RPELTU), Kharkiv, Ukraine; Vanden Brink A., Institute for Subatomic Physics, Utrecht University/Nikhef, Utrecht, Netherlands; Chaar M., Department of Physics and Technology, University of Bergen, Bergen, 5007, Norway; Eikeland V., Department of Physics and Technology, University of Bergen, Bergen, 5007, Norway; Feofilov G., St. Petersburg University, St. Petersburg, Russian Federation; Garth C., ScientificVisualization Lab, TUKaiserslautern, Kaiserslautern, 67663, Germany; Genov G., Department of Physics and Technology, University of Bergen, Bergen, 5007, Norway; Grøttvik O., Department of Physics and Technology, University of Bergen, Bergen, 5007, Norway; Helstrup H., Department of Computer Science, Electrical Engineering and Mathematical Sciences, Western Norway University of Applied Sciences, Bergen, 5020, Norway; Igolkin S., St. Petersburg University, St. Petersburg, Russian Federation; Kobdaj C., Institute of Science, Suranaree University of Technology, Nakhon Ratchasima, Thailand; Leonhardt V., ScientificVisualization Lab, TUKaiserslautern, Kaiserslautern, 67663, Germany; Mehendale S., Department of Physics and Technology, University of Bergen, Bergen, 5007, Norway; Mulawade R.N., Center for Technology and Transfer (ZTT), University of Applied Sciences Worms, Worms, Germany; Odland O.H., Department of Physics and Technology, University of Bergen, Bergen, 5007, Norway, Department of Oncology and Medical Physics, Haukeland University Hospital, Bergen, 5021, Norway; O'Neill G., Department of Physics and Technology, University of Bergen, Bergen, 5007, Norway; Papp G., Institute for Physics, Eötvös Loránd University, 1/A Pázmány P. Sétány, Budapest, H-1117, Hungary; Peitzmann T., Institute for Subatomic Physics, Utrecht University/Nikhef, Utrecht, Netherlands; Pettersen H.E.S., Department of Oncology and Medical Physics, Haukeland University Hospital, Bergen, 5021, Norway; Piersimoni P., Department of Physics and Technology, University of Bergen, Bergen, 5007, Norway, UniCamillus-Saint Camillus International University of Health Sciences, Rome, Italy; Protsenko M., Research and Production Enterprise LTU (RPELTU), Kharkiv, Ukraine; Rauch M., Department of Physics and Technology, University of Bergen, Bergen, 5007, Norway; Ur Rehman A., Department of Physics and Technology, University of Bergen, Bergen, 5007, Norway; Richter M., Department of Physics, University of Oslo, Oslo, 0371, Norway; Röhrich D., Department of Physics and Technology, University of Bergen, Bergen, 5007, Norway; Santana J., Center for Technology and Transfer (ZTT), University of Applied Sciences Worms, Worms, Germany; Schilling A., Center for Technology and Transfer (ZTT), University of Applied Sciences Worms, Worms, Germany; Seco J., Department of Biomedical Physics in Radiation Oncology, DKFZ-German Cancer Research Center, Heidelberg, Germany, Department of Physics and Astronomy, Heidelberg University, Heidelberg, Germany; Songmoolnak A., Department of Physics and Technology, University of Bergen, Bergen, 5007, Norway, Institute of Science, Suranaree University of Technology, Nakhon Ratchasima, Thailand; Sudár Á., Scientific Computing, TU Kaiserslautern, Kaiserslautern, 67663, Germany, Budapest University of Technology and Economics, Budapest, Hungary; Salie J.R., Department of Diagnostic Physics, Division of Radiology and Nuclear Medicine, Oslo University Hospital, Oslo, Norway; Tambave G., Center for Medical and Radiation Physics (CMRP), National Institute of Science Education and Research (NISER), Bhubaneswar, India; Tymchuk I., Research and Production Enterprise LTU (RPELTU), Kharkiv, Ukraine; Ullaland K., Department of Physics and Technology, University of Bergen, Bergen, 5007, Norway; Varga-Kofarago M., Wigner Research Centre for Physics, Budapest, Hungary; Volz L., Biophysics, GSI Helmholtz Center for Heavy Ion Research GmbH, Darmstadt, Germany, Department of Medical Physics and Biomedical Engineering, University College London, London, United Kingdom; Wagner B., Department of Physics and Technology, University of Bergen, Bergen, 5007, Norway; Wendzel S., Center for Technology and Transfer (ZTT), University of Applied Sciences Worms, Worms, Germany; Wiebel A., Center for Technology and Transfer (ZTT), University of Applied Sciences Worms, Worms, Germany; Xiao R., Department of Physics and Technology, University of Bergen, Bergen, 5007, Norway, College of Mechanical & Power Engineering, China Three Gorges University, Yichang, China; Yang S., Department of Physics and Technology, University of Bergen, Bergen, 5007, Norway; Yokoyama H., Institute for Subatomic Physics, Utrecht University/Nikhef, Utrecht, Netherlands; Zillien S., Center for Technology and Transfer (ZTT), University of Applied Sciences Worms, Worms, Germany","01628828","","ITPID","All Open Access; Green Open Access; Hybrid Gold Open Access"
"Partsey R.; Wijmans E.; Yokoyama N.; Dobosevych O.; Batra D.; Maksymets O.","Partsey, Ruslan (57751661600); Wijmans, Erik (57201316320); Yokoyama, Naoki (57222866446); Dobosevych, Oles (57215968839); Batra, Dhruv (24764919500); Maksymets, Oleksandr (57214471918)","57751661600; 57201316320; 57222866446; 57215968839; 24764919500; 57214471918","Is Mapping Necessary for Realistic PointGoal Navigation?","2022","10.1109/CVPR52688.2022.01672","https://www.scopus.com/inward/record.uri?eid=2-s2.0-85141343485&doi=10.1109%2fCVPR52688.2022.01672&partnerID=40&md5=8a0bd3b182916ddcab7ace676804cfe2","Ukrainian Catholic University, Ukraine; Georgia Institute of Technology, United States; Meta Ai","Partsey R., Ukrainian Catholic University, Ukraine; Wijmans E., Georgia Institute of Technology, United States, Meta Ai; Yokoyama N., Georgia Institute of Technology, United States; Dobosevych O., Ukrainian Catholic University, Ukraine; Batra D., Georgia Institute of Technology, United States, Meta Ai; Maksymets O., Meta Ai","10636919","978-166546946-3","PIVRE","All Open Access; Green Open Access"
"Ren X.; Valle-Inclán F.; Tukaiev S.; Hackley S.A.","Ren, Xi (57193333124); Valle-Inclán, Fernando (6701502731); Tukaiev, Sergii (57221817243); Hackley, Steven A. (6603788191)","57193333124; 6701502731; 57221817243; 6603788191","Changes in the stimulus-preceding negativity and lateralized readiness potential during reinforcement learning","2017","10.1111/psyp.12859","https://www.scopus.com/inward/record.uri?eid=2-s2.0-85017461521&doi=10.1111%2fpsyp.12859&partnerID=40&md5=7069c98793798ac24235ee5c86f5bc80","Department of Psychological Sciences, University of Missouri–Columbia, Columbia, MO, United States; Department of Psychology, University of La Coruña, La Coruña, Spain; Institute of Biology, Taras Shevchenko National University of Kiev, Kiev, Ukraine","Ren X., Department of Psychological Sciences, University of Missouri–Columbia, Columbia, MO, United States; Valle-Inclán F., Department of Psychology, University of La Coruña, La Coruña, Spain; Tukaiev S., Institute of Biology, Taras Shevchenko National University of Kiev, Kiev, Ukraine; Hackley S.A., Department of Psychological Sciences, University of Missouri–Columbia, Columbia, MO, United States","00485772","","PSPHA",""
"Kuznetsov A.; Shapoval O.; Chernov K.; Yeromin Y.; Popova M.; Syniavska O.","Kuznetsov, Alexandr (55428957200); Shapoval, Oleksiy (57208665851); Chernov, Kyrylo (57207781410); Yeromin, Yehor (57203141277); Popova, Mariia (57208668910); Syniavska, Olga (57220765969)","55428957200; 57208665851; 57207781410; 57203141277; 57208668910; 57220765969","Automated software vulnerability testing using in-depth training methods","2019","","https://www.scopus.com/inward/record.uri?eid=2-s2.0-85065502539&partnerID=40&md5=e23e1eb148017ebc41593ec47da223fd","V. N. Karazin Kharkiv National University, Svobody sq., 4, Kharkiv, 61022, Ukraine; Sumy State University, Rymskogo-Korsakova st., 2, Sumy, 40007, Ukraine","Kuznetsov A., V. N. Karazin Kharkiv National University, Svobody sq., 4, Kharkiv, 61022, Ukraine; Shapoval O., V. N. Karazin Kharkiv National University, Svobody sq., 4, Kharkiv, 61022, Ukraine; Chernov K., V. N. Karazin Kharkiv National University, Svobody sq., 4, Kharkiv, 61022, Ukraine; Yeromin Y., V. N. Karazin Kharkiv National University, Svobody sq., 4, Kharkiv, 61022, Ukraine; Popova M., V. N. Karazin Kharkiv National University, Svobody sq., 4, Kharkiv, 61022, Ukraine; Syniavska O., Sumy State University, Rymskogo-Korsakova st., 2, Sumy, 40007, Ukraine","16130073","","",""
"Martovytskyi V.; Argunov V.; Ruban I.; Romanenkov Y.","Martovytskyi, Vitalii (57196940070); Argunov, Volodymyr (58243552400); Ruban, Igor (7004018101); Romanenkov, Yuri (57189377960)","57196940070; 58243552400; 7004018101; 57189377960","DEVELOPING A RISK MANAGEMENT APPROACH BASED ON REINFORCEMENT TRAINING IN THE FORMATION OF AN INVESTMENT PORTFOLIO","2023","10.15587/1729-4061.2023.277997","https://www.scopus.com/inward/record.uri?eid=2-s2.0-85158979481&doi=10.15587%2f1729-4061.2023.277997&partnerID=40&md5=1e9d56c4af17ad2996d4485347706b8e","Department of Electronic Computers, Kharkiv National University of Radio Electronics, Nauky ave.,14, Kharkiv, 61166, Ukraine; Kharkiv National University of Radio Electronics, Nauky ave.,14, Kharkiv, 61166, Ukraine; Department of Management, National Aerospace University «Kharkiv Aviation Institute», Chkalovа str.,17, Kharkiv, 61070, Ukraine","Martovytskyi V., Department of Electronic Computers, Kharkiv National University of Radio Electronics, Nauky ave.,14, Kharkiv, 61166, Ukraine; Argunov V., Department of Electronic Computers, Kharkiv National University of Radio Electronics, Nauky ave.,14, Kharkiv, 61166, Ukraine; Ruban I., Kharkiv National University of Radio Electronics, Nauky ave.,14, Kharkiv, 61166, Ukraine; Romanenkov Y., Department of Management, National Aerospace University «Kharkiv Aviation Institute», Chkalovа str.,17, Kharkiv, 61070, Ukraine","17293774","","","All Open Access; Gold Open Access; Green Open Access"
"Vantsevich V.; Gorsich D.; Lozynskyy A.; Demkiv L.; Klos S.","Vantsevich, Vladimir (6602597868); Gorsich, David (6701504402); Lozynskyy, Andriy (57194507106); Demkiv, Lyubomyr (56437585400); Klos, Sviatoslav (57215661021)","6602597868; 6701504402; 57194507106; 56437585400; 57215661021","A Reinforcement Learning Enhanced Fuzzy Control for Real-Time Off-Road Traction System","2020","10.1007/978-3-030-38077-9_137","https://www.scopus.com/inward/record.uri?eid=2-s2.0-85081575992&doi=10.1007%2f978-3-030-38077-9_137&partnerID=40&md5=c430625fc286ee91b0d74e512c857ec4","The University of Alabama at Birmingham, Birmingham, 35294, AL, United States; US Army CCDC-Ground Vehicle Systems Center, Warren, United States; Lviv Polytechnic National University, 12 Bandery str., Lviv, 79013, Ukraine","Vantsevich V., The University of Alabama at Birmingham, Birmingham, 35294, AL, United States; Gorsich D., US Army CCDC-Ground Vehicle Systems Center, Warren, United States; Lozynskyy A., Lviv Polytechnic National University, 12 Bandery str., Lviv, 79013, Ukraine; Demkiv L., Lviv Polytechnic National University, 12 Bandery str., Lviv, 79013, Ukraine; Klos S., Lviv Polytechnic National University, 12 Bandery str., Lviv, 79013, Ukraine","21954356","978-303038076-2","",""
"Achour I.; Doroshenko A.","Achour, illia (57467911600); Doroshenko, Anatoliy (26662433900)","57467911600; 26662433900","Parallel distributed implementation of neuroevolution of augmenting topologies in continuous control tasks","2021","10.1109/Atit54053.2021.9678858","https://www.scopus.com/inward/record.uri?eid=2-s2.0-85125300357&doi=10.1109%2fAtit54053.2021.9678858&partnerID=40&md5=702054d3a134797bf6e7ba6eb569840f","information Systems and Technologies Department, National Technical University of Ukraine “igor Sikorsky Kyiv Polytechnic institute”, Kyiv, Ukraine","Achour I., information Systems and Technologies Department, National Technical University of Ukraine “igor Sikorsky Kyiv Polytechnic institute”, Kyiv, Ukraine; Doroshenko A., information Systems and Technologies Department, National Technical University of Ukraine “igor Sikorsky Kyiv Polytechnic institute”, Kyiv, Ukraine","","978-166543845-2","",""
"Ziatdinov M.A.; Liu Y.; Morozovska A.N.; Eliseev E.A.; Zhang X.; Takeuchi I.; Kalinin S.V.","Ziatdinov, Maxim A. (55629179200); Liu, Yongtao (57203675236); Morozovska, Anna N. (6602682668); Eliseev, Eugene A. (6603821167); Zhang, Xiaohang (23013086100); Takeuchi, Ichiro (7102900497); Kalinin, Sergei V. (7004371768)","55629179200; 57203675236; 6602682668; 6603821167; 23013086100; 7102900497; 7004371768","Hypothesis Learning in Automated Experiment: Application to Combinatorial Materials Libraries","2022","10.1002/adma.202201345","https://www.scopus.com/inward/record.uri?eid=2-s2.0-85128221665&doi=10.1002%2fadma.202201345&partnerID=40&md5=4a78f31c1fe5ad7fed189a9fe22ccef8","Computational Sciences and Engineering Division, Oak Ridge National Laboratory, Oak Ridge, 37831, TN, United States; Center for Nanophase Materials Sciences, Oak Ridge National Laboratory, Oak Ridge, 37831, TN, United States; Institute of Physics, National Academy of Sciences of Ukraine, 46, pr. Nauky, Kyiv, 03028, Ukraine; Institute for Problems of Materials Science, National Academy of Sciences of Ukraine, Krjijanovskogo 3, Kyiv, 03142, Ukraine; Department of Materials Science and Engineering, University of Maryland, College Park, 20742, MD, United States","Ziatdinov M.A., Computational Sciences and Engineering Division, Oak Ridge National Laboratory, Oak Ridge, 37831, TN, United States, Center for Nanophase Materials Sciences, Oak Ridge National Laboratory, Oak Ridge, 37831, TN, United States; Liu Y., Center for Nanophase Materials Sciences, Oak Ridge National Laboratory, Oak Ridge, 37831, TN, United States; Morozovska A.N., Institute of Physics, National Academy of Sciences of Ukraine, 46, pr. Nauky, Kyiv, 03028, Ukraine; Eliseev E.A., Institute for Problems of Materials Science, National Academy of Sciences of Ukraine, Krjijanovskogo 3, Kyiv, 03142, Ukraine; Zhang X., Department of Materials Science and Engineering, University of Maryland, College Park, 20742, MD, United States; Takeuchi I., Department of Materials Science and Engineering, University of Maryland, College Park, 20742, MD, United States; Kalinin S.V., Center for Nanophase Materials Sciences, Oak Ridge National Laboratory, Oak Ridge, 37831, TN, United States","09359648","","ADVME","All Open Access; Bronze Open Access; Green Open Access"
"Yesilevskyi V.; Dyadun S.; Kuznetsov V.","Yesilevskyi, V. (57209411081); Dyadun, S. (55971005300); Kuznetsov, V. (57199931665)","57209411081; 55971005300; 57199931665","ISTM networks for anaerobic digester control","2019","10.29202/nvngu/2019-5/21","https://www.scopus.com/inward/record.uri?eid=2-s2.0-85076252801&doi=10.29202%2fnvngu%2f2019-5%2f21&partnerID=40&md5=a68cfdc9a1e2fdda25514f43673eedf8","National University of Radioelectronics, Kharkiv, Ukraine; Beketov National University of Urban Economy, Kharkiv, Ukraine; Karazin National University, Kharkiv, Ukraine; Starooskolsky Technological Institute A. A. Ugarova (branch) of “National Research Technological University “MISiS”, Stary Oskol, Belgorod Region, Russian Federation","Yesilevskyi V., National University of Radioelectronics, Kharkiv, Ukraine; Dyadun S., Beketov National University of Urban Economy, Kharkiv, Ukraine, Karazin National University, Kharkiv, Ukraine; Kuznetsov V., Starooskolsky Technological Institute A. A. Ugarova (branch) of “National Research Technological University “MISiS”, Stary Oskol, Belgorod Region, Russian Federation","20712227","","","All Open Access; Bronze Open Access"
"Maksymyuk T.; Gazda J.; Yaremko O.; Nevinskiy D.","Maksymyuk, Taras (36600937300); Gazda, Juraj (25122153300); Yaremko, Oleh (24484282800); Nevinskiy, Denys (57170613200)","36600937300; 25122153300; 24484282800; 57170613200","Deep learning based massive MIMO beamforming for 5G mobile network","2018","10.1109/IDAACS-SWS.2018.8525802","https://www.scopus.com/inward/record.uri?eid=2-s2.0-85058040616&doi=10.1109%2fIDAACS-SWS.2018.8525802&partnerID=40&md5=cb3809dd2f1f83765e32e541ddea0961","Lviv Polytechnic National University, Lviv, Ukraine; Technical University of Košice, Kosice, Slovakia","Maksymyuk T., Lviv Polytechnic National University, Lviv, Ukraine; Gazda J., Technical University of Košice, Kosice, Slovakia; Yaremko O., Lviv Polytechnic National University, Lviv, Ukraine; Nevinskiy D., Lviv Polytechnic National University, Lviv, Ukraine","","978-153867587-8","",""
"Tregubenko I.B.","Tregubenko, Iryna Borysivna (36562665100)","36562665100","Reinforcement learning intellectual agent of protection for adapting to surrounding environment","2010","10.1145/1854099.1854122","https://www.scopus.com/inward/record.uri?eid=2-s2.0-77958055811&doi=10.1145%2f1854099.1854122&partnerID=40&md5=f7c66a850f1467c53839b84905e12f8a","CHDTU, Cherkassy 18006, blv. Shevchenko 460, Ukraine","Tregubenko I.B., CHDTU, Cherkassy 18006, blv. Shevchenko 460, Ukraine","","978-145030234-0","",""
"Nevliudov I.; Tsymbal O.; Bronnikov A.","Nevliudov, Igor (58670631900); Tsymbal, Oleksandr (36021627200); Bronnikov, Artem (58375766100)","58670631900; 36021627200; 58375766100","Q-Learning Decision-Making Model for Robotic System","2023","10.1109/EWDTS59469.2023.10297075","https://www.scopus.com/inward/record.uri?eid=2-s2.0-85178036586&doi=10.1109%2fEWDTS59469.2023.10297075&partnerID=40&md5=aa8119b55536d3cd0fdb0ced71ad5ba8","Kharkiv National University of Radio Electronics, Department of Computer-Integrated Technologies, Automation and Mechatronics, Kharkiv, Ukraine","Nevliudov I., Kharkiv National University of Radio Electronics, Department of Computer-Integrated Technologies, Automation and Mechatronics, Kharkiv, Ukraine; Tsymbal O., Kharkiv National University of Radio Electronics, Department of Computer-Integrated Technologies, Automation and Mechatronics, Kharkiv, Ukraine; Bronnikov A., Kharkiv National University of Radio Electronics, Department of Computer-Integrated Technologies, Automation and Mechatronics, Kharkiv, Ukraine","","979-835031484-7","",""
"Tytarenko A.","Tytarenko, Andrii (57886132500)","57886132500","Action Encoding in Algorithms for Learning Controllable Environment","2023","10.1007/978-3-031-37450-0_16","https://www.scopus.com/inward/record.uri?eid=2-s2.0-85169823576&doi=10.1007%2f978-3-031-37450-0_16&partnerID=40&md5=5248bb48fc0ea52bd7dc1f6e44ea1ab8","Igor Sikorsky Kyiv Polytechnic Institute, Kyiv, Ukraine","Tytarenko A., Igor Sikorsky Kyiv Polytechnic Institute, Kyiv, Ukraine","1860949X","","",""
"Sarnatskyi V.; Baklan I.","Sarnatskyi, Vladyslav (57219648493); Baklan, Igor (6506155716)","57219648493; 6506155716","Markov-Chain-Based Agents for k-Armed Bandit Problem","2022","10.1007/978-3-030-82014-5_44","https://www.scopus.com/inward/record.uri?eid=2-s2.0-85112616024&doi=10.1007%2f978-3-030-82014-5_44&partnerID=40&md5=752f03bebb38e9d933086eb1094f4540","National Technical University of Ukraine “Igor Sikorsky Kyiv Polytechnic Institute”, Kyiv, Ukraine","Sarnatskyi V., National Technical University of Ukraine “Igor Sikorsky Kyiv Polytechnic Institute”, Kyiv, Ukraine; Baklan I., National Technical University of Ukraine “Igor Sikorsky Kyiv Polytechnic Institute”, Kyiv, Ukraine","23674512","","",""
"Lukianykhin O.; Bogodorova T.","Lukianykhin, Oleh (57215548737); Bogodorova, Tetiana (56021095800)","57215548737; 56021095800","Voltage control-based ancillary service using deep reinforcement learning","2021","10.3390/en14082274","https://www.scopus.com/inward/record.uri?eid=2-s2.0-85106220541&doi=10.3390%2fen14082274&partnerID=40&md5=5fd5bf4b7c2a450cdf90d2044c7b683e","The Machine Learning Lab, Ukrainian Catholic University, Lviv, 79026, Ukraine; Department of Electrical, Computer, and Systems Engineering, Rensselaer Polytechnic Institute, Troy, 12180, NY, United States","Lukianykhin O., The Machine Learning Lab, Ukrainian Catholic University, Lviv, 79026, Ukraine; Bogodorova T., Department of Electrical, Computer, and Systems Engineering, Rensselaer Polytechnic Institute, Troy, 12180, NY, United States","19961073","","","All Open Access; Gold Open Access; Green Open Access"
"Kravets P.; Lytvyn V.; Burov Y.; Vysotska V.; Chyrun L.; Panasyuk V.","Kravets, Petro (6603085655); Lytvyn, Vasyl (56446930100); Burov, Yevhen (57191242481); Vysotska, Victoria (24484045400); Chyrun, Lyubomyr (55225672300); Panasyuk, Valentyna (57200174627)","6603085655; 56446930100; 57191242481; 24484045400; 55225672300; 57200174627","Making Optimal Decisions with Learning Method Based on Fuzzy Logic","2021","10.1109/AICT52120.2021.9628983","https://www.scopus.com/inward/record.uri?eid=2-s2.0-85124011352&doi=10.1109%2fAICT52120.2021.9628983&partnerID=40&md5=f2057a5786990a979aeb9b5ecfd9519d","Lviv Polytechnic National University, Isn Department, Lviv, Ukraine; Ivan Franko National University, Software Department, Lviv, Ukraine; West Ukrainian National University, Accounting and Taxation Department, Ternopil, Ukraine","Kravets P., Lviv Polytechnic National University, Isn Department, Lviv, Ukraine; Lytvyn V., Lviv Polytechnic National University, Isn Department, Lviv, Ukraine; Burov Y., Lviv Polytechnic National University, Isn Department, Lviv, Ukraine; Vysotska V., Lviv Polytechnic National University, Isn Department, Lviv, Ukraine; Chyrun L., Ivan Franko National University, Software Department, Lviv, Ukraine; Panasyuk V., West Ukrainian National University, Accounting and Taxation Department, Ternopil, Ukraine","","978-166540618-5","",""
"Sidenko I.; Trukhov A.; Kondratenko G.; Zhukov Y.; Kondratenko Y.","Sidenko, Ievgen (55991342900); Trukhov, Artem (58554034900); Kondratenko, Galyna (55991478400); Zhukov, Yuriy (56007918300); Kondratenko, Yuriy (6602324472)","55991342900; 58554034900; 55991478400; 56007918300; 6602324472","Machine Learning for Unmanned Aerial Vehicle Routing on Rough Terrain","2023","10.1007/978-3-031-36118-0_56","https://www.scopus.com/inward/record.uri?eid=2-s2.0-85169058385&doi=10.1007%2f978-3-031-36118-0_56&partnerID=40&md5=863e77ff755032022bb6639ec6b3b247","Petro Mohyla Black Sea National University, 68th Desantnykiv Street, 10, Mykolaiv, 54000, Ukraine; C-Job Nikolayev, Artyleriyska Street, 17/6, Mykolaiv, 54006, Ukraine; Institute of Artificial Intelligence Problems, Mala Zhytomyrs’ka Street, 11/5, Kyiv, 01001, Ukraine","Sidenko I., Petro Mohyla Black Sea National University, 68th Desantnykiv Street, 10, Mykolaiv, 54000, Ukraine; Trukhov A., Petro Mohyla Black Sea National University, 68th Desantnykiv Street, 10, Mykolaiv, 54000, Ukraine; Kondratenko G., Petro Mohyla Black Sea National University, 68th Desantnykiv Street, 10, Mykolaiv, 54000, Ukraine; Zhukov Y., C-Job Nikolayev, Artyleriyska Street, 17/6, Mykolaiv, 54006, Ukraine; Kondratenko Y., Petro Mohyla Black Sea National University, 68th Desantnykiv Street, 10, Mykolaiv, 54000, Ukraine, Institute of Artificial Intelligence Problems, Mala Zhytomyrs’ka Street, 11/5, Kyiv, 01001, Ukraine","23674512","","",""
"Ogurtsov M.","Ogurtsov, Maksym (57433631900)","57433631900","Review of Neural Networks Application in UAV Routing Problems","2021","","https://www.scopus.com/inward/record.uri?eid=2-s2.0-85126734701&partnerID=40&md5=00bbd320a18c271b74eba9b28abfef05","V.M. Glushkov Institute of Cybernetics of National Academy of Sciences of Ukraine, Akademika Glushkova Avenue, 40, Kyiv, 03187, Ukraine","Ogurtsov M., V.M. Glushkov Institute of Cybernetics of National Academy of Sciences of Ukraine, Akademika Glushkova Avenue, 40, Kyiv, 03187, Ukraine","16130073","","",""
"Vyazovska O.V.","Vyazovska, O.V. (55933540700)","55933540700","The effect of dimensional reinforcement prediction on discrimination of compound visual stimuli by pigeons","2021","10.1007/s10071-021-01526-z","https://www.scopus.com/inward/record.uri?eid=2-s2.0-85107490795&doi=10.1007%2fs10071-021-01526-z&partnerID=40&md5=ecdd4c9525567d0feb0429b633ff3fe6","School of Medicine, Department of General Practice - Family Medicine, V.N. Karazin Kharkiv National University, Svobody sq., 4, Kharkiv, 61022, Ukraine","Vyazovska O.V., School of Medicine, Department of General Practice - Family Medicine, V.N. Karazin Kharkiv National University, Svobody sq., 4, Kharkiv, 61022, Ukraine","14359448","","",""
"Atuonwu J.C.; Cao Y.; Rangaiah G.P.; Tadé M.O.","Atuonwu, J.C. (34976254000); Cao, Y. (55290327000); Rangaiah, G.P. (35238189500); Tadé, M.O. (7006873594)","34976254000; 55290327000; 35238189500; 7006873594","Identification and predictive control of a multistage evaporator","2010","10.1016/j.conengprac.2010.08.002","https://www.scopus.com/inward/record.uri?eid=2-s2.0-78349311627&doi=10.1016%2fj.conengprac.2010.08.002&partnerID=40&md5=af004770cbaa33dfa42716580448857d","School of Engineering, Cranfield University, Bedford, Ukraine; Department of Chemical and Biomolecular Engineering, National University of Singapore, Singapore; Department of Chemical Engineering, Curtin University of Technology, Perth, Australia","Atuonwu J.C., School of Engineering, Cranfield University, Bedford, Ukraine; Cao Y., School of Engineering, Cranfield University, Bedford, Ukraine; Rangaiah G.P., Department of Chemical and Biomolecular Engineering, National University of Singapore, Singapore; Tadé M.O., Department of Chemical Engineering, Curtin University of Technology, Perth, Australia","09670661","","COEPE","All Open Access; Green Open Access"
"Romasevych Y.; Loveikin V.","Romasevych, Yuriy (57196472815); Loveikin, Viatcheslav (56535475300)","57196472815; 56535475300","2-DOF Robot Optimal Control via Artificial Neural Network Reinforcement Learning","2023","10.1109/KhPIWeek61412.2023.10312842","https://www.scopus.com/inward/record.uri?eid=2-s2.0-85179518166&doi=10.1109%2fKhPIWeek61412.2023.10312842&partnerID=40&md5=b140dc5d5c5aa092e373a97886b4a018","Department of Design and Engineering, National University of Life and Environmental Sciences of Ukraine, Kyiv, Ukraine","Romasevych Y., Department of Design and Engineering, National University of Life and Environmental Sciences of Ukraine, Kyiv, Ukraine; Loveikin V., Department of Design and Engineering, National University of Life and Environmental Sciences of Ukraine, Kyiv, Ukraine","","979-835039553-2","",""
"Yurchenko O.; Cherednichenko O.; Trofimova-Herman A.; Kupriianov Y.","Yurchenko, Olena (57224193995); Cherednichenko, Olga (58288072500); Trofimova-Herman, Alina (58298726000); Kupriianov, Yevhen (57208903412)","57224193995; 58288072500; 58298726000; 57208903412","Towards Cross-Lingual Transfer Based on Self-Learning Conversational Agent Model","2023","","https://www.scopus.com/inward/record.uri?eid=2-s2.0-85160813741&partnerID=40&md5=37f71ef96c85668ed1b731ef7a97a2f0","National Technical University “Kharkiv Polytechnic Institute”, Kyrpychova str. 2, Kharkiv, 61002, Ukraine; Univ Lyon, Univ_Lyon 2, UR ERIC, 5 avenue Mendès France, Bron, 69676 Cedex, France","Yurchenko O., National Technical University “Kharkiv Polytechnic Institute”, Kyrpychova str. 2, Kharkiv, 61002, Ukraine; Cherednichenko O., Univ Lyon, Univ_Lyon 2, UR ERIC, 5 avenue Mendès France, Bron, 69676 Cedex, France; Trofimova-Herman A., National Technical University “Kharkiv Polytechnic Institute”, Kyrpychova str. 2, Kharkiv, 61002, Ukraine; Kupriianov Y., National Technical University “Kharkiv Polytechnic Institute”, Kyrpychova str. 2, Kharkiv, 61002, Ukraine","16130073","","",""
"Rolik O.; Zharikov E.; Koval A.; Telenyk S.","Rolik, Oleksandr (57191405413); Zharikov, Eduard (57191415579); Koval, Andrii (57202189088); Telenyk, Sergii (55976080600)","57191405413; 57191415579; 57202189088; 55976080600","Dynamie management of data center resources using reinforcement learning","2018","10.1109/TCSET.2018.8336194","https://www.scopus.com/inward/record.uri?eid=2-s2.0-85047439768&doi=10.1109%2fTCSET.2018.8336194&partnerID=40&md5=fed6be5325a14462f2228119b46307e3","Department of Automation and Control in Technical Systems, National Technical University of Ukraine, Igor Sikorsky Kyiv Polytechnic Institute, Kyiv, Ukraine; Department of Automatic Control and Information Technology, Cracow University of Technology Cracow, Poland, Igor Sikorsky Kyiv Polytechnic Institute, Kyiv, Ukraine","Rolik O., Department of Automation and Control in Technical Systems, National Technical University of Ukraine, Igor Sikorsky Kyiv Polytechnic Institute, Kyiv, Ukraine; Zharikov E., Department of Automation and Control in Technical Systems, National Technical University of Ukraine, Igor Sikorsky Kyiv Polytechnic Institute, Kyiv, Ukraine; Koval A., Department of Automation and Control in Technical Systems, National Technical University of Ukraine, Igor Sikorsky Kyiv Polytechnic Institute, Kyiv, Ukraine; Telenyk S., Department of Automatic Control and Information Technology, Cracow University of Technology Cracow, Poland, Igor Sikorsky Kyiv Polytechnic Institute, Kyiv, Ukraine","","978-153862556-9","",""
"Cherednichenko O.; Vovk M.; Ivashchenko O.; Baggia A.; Stratiienko N.","Cherednichenko, Olga (58288072500); Vovk, Maryna (57203517746); Ivashchenko, Oksana (57219922495); Baggia, Alenka (56108587300); Stratiienko, Nataliia (57196007565)","58288072500; 57203517746; 57219922495; 56108587300; 57196007565","Improving item searching on trading platform based on reinforcement learning approach","2021","","https://www.scopus.com/inward/record.uri?eid=2-s2.0-85107193042&partnerID=40&md5=2205a932af2a6ad302ac6a746c5ed898","National Technical University 'Kharkiv Polytechnic Institute', 2, Kyrpychova str., Kharkiv, 61002, Ukraine; University of Maribor, Kidriceva cesta 55a, Kranj, 4000, Slovenia","Cherednichenko O., National Technical University 'Kharkiv Polytechnic Institute', 2, Kyrpychova str., Kharkiv, 61002, Ukraine; Vovk M., National Technical University 'Kharkiv Polytechnic Institute', 2, Kyrpychova str., Kharkiv, 61002, Ukraine; Ivashchenko O., National Technical University 'Kharkiv Polytechnic Institute', 2, Kyrpychova str., Kharkiv, 61002, Ukraine; Baggia A., University of Maribor, Kidriceva cesta 55a, Kranj, 4000, Slovenia; Stratiienko N., National Technical University 'Kharkiv Polytechnic Institute', 2, Kyrpychova str., Kharkiv, 61002, Ukraine","16130073","","",""
"Sharlovych Z.; Zakusilova T.; Kupriianenko A.; Perederko L.","Sharlovych, Zoia (58528778800); Zakusilova, Tetiana (58773874800); Kupriianenko, Anzhela (58774484300); Perederko, Lesia (56541610200)","58528778800; 58773874800; 58774484300; 56541610200","Acmeology-based development of nurses’ professional skills in light of lifelong learning","2023","10.15452/CEJNM.2023.14.0018","https://www.scopus.com/inward/record.uri?eid=2-s2.0-85180301572&doi=10.15452%2fCEJNM.2023.14.0018&partnerID=40&md5=51f63c021b627ebe2a16654daeae5f4d","Faculty of Nursing, International Academy of Applied Sciences in Lomza, Lomza, Poland; Department of Professional and Pedagogical Special Education, Andragogy and Management, Educational and Research Institute of Pedagogics, Zhytomyr Ivan Franko State University, Zhytomyr, Ukraine; Departament of the Social Medicine, Public Health, Medical and Farmaceutical Law, Medical Faculty No. 1, Zaporizhzhia State Medical and Pharmaceutical University, Zaporizhzhia, Ukraine; Municipal Higher Educational Institution “Zhytomyr Medical Institute” of Zhytomyr Regional Council, Zhytomyr, Ukraine; Medical Biology and Medical Genetics Department, Faculty of training foreign citizens, Ivano-Frankivsk National Medical University, Ivano-Frankivsk, Ukraine","Sharlovych Z., Faculty of Nursing, International Academy of Applied Sciences in Lomza, Lomza, Poland, Department of Professional and Pedagogical Special Education, Andragogy and Management, Educational and Research Institute of Pedagogics, Zhytomyr Ivan Franko State University, Zhytomyr, Ukraine; Zakusilova T., Departament of the Social Medicine, Public Health, Medical and Farmaceutical Law, Medical Faculty No. 1, Zaporizhzhia State Medical and Pharmaceutical University, Zaporizhzhia, Ukraine; Kupriianenko A., Municipal Higher Educational Institution “Zhytomyr Medical Institute” of Zhytomyr Regional Council, Zhytomyr, Ukraine; Perederko L., Medical Biology and Medical Genetics Department, Faculty of training foreign citizens, Ivano-Frankivsk National Medical University, Ivano-Frankivsk, Ukraine","23363517","","","All Open Access; Gold Open Access"
"Han L.; Maksymyuk T.; Bao X.; Zhao J.; Liu Y.","Han, Longzhe (15020492300); Maksymyuk, Taras (36600937300); Bao, Xuecai (24512219300); Zhao, Jia (57191637334); Liu, Yan (57202871094)","15020492300; 36600937300; 24512219300; 57191637334; 57202871094","Deep learning based loss recovery mechanism for video streaming over mobile information-centric network","2019","10.3837/tiis.2019.09.014","https://www.scopus.com/inward/record.uri?eid=2-s2.0-85076008596&doi=10.3837%2ftiis.2019.09.014&partnerID=40&md5=dd1340eff7500bca3346139d6ac819f2","Jiangxi Province Key Laboratory of Water Information Cooperative Sensing and Intelligent Processing, Nanchang Institute of Technology, Nanchang, 330099, China; Department of Telecommunications, Lviv Polytechnic National University, Lviv, 79013, Ukraine; College of Computer and Software Engineering, East China Normal University, Shanghai, 200062, China","Han L., Jiangxi Province Key Laboratory of Water Information Cooperative Sensing and Intelligent Processing, Nanchang Institute of Technology, Nanchang, 330099, China; Maksymyuk T., Department of Telecommunications, Lviv Polytechnic National University, Lviv, 79013, Ukraine; Bao X., Jiangxi Province Key Laboratory of Water Information Cooperative Sensing and Intelligent Processing, Nanchang Institute of Technology, Nanchang, 330099, China; Zhao J., Jiangxi Province Key Laboratory of Water Information Cooperative Sensing and Intelligent Processing, Nanchang Institute of Technology, Nanchang, 330099, China; Liu Y., College of Computer and Software Engineering, East China Normal University, Shanghai, 200062, China","19767277","","","All Open Access; Bronze Open Access"
"Xu H.; Fan G.; Sun L.; Li W.; Kuang G.; Fan B.; Ahmadi G.","Xu, Hongsheng (55493778800); Fan, Ganglong (36917618400); Sun, Libo (58176018700); Li, Wanxing (58293689700); Kuang, Guofang (36548386300); Fan, Bo (57929743600); Ahmadi, Gholamreza (57214760446)","55493778800; 36917618400; 58176018700; 58293689700; 36548386300; 57929743600; 57214760446","Dynamic SFC placement scheme with parallelized SFCs and reuse of initialized VNFs: An A3C-based DRL approach","2023","10.1016/j.jksuci.2023.101577","https://www.scopus.com/inward/record.uri?eid=2-s2.0-85160555559&doi=10.1016%2fj.jksuci.2023.101577&partnerID=40&md5=88875a92f3196384aa6bda58f116b791","College of Electronic Commerce, Luoyang Normal University, Henan, Luoyang, 471934, China; Henan Key Laboratory for Big Data Processing & Analytics of Electronic Commerce, Luoyang Normal University, Henan, Luoyang, 471934, China; Binghamton University, Binghamton, United States; School of Artificial Intelligence, V. N. Karazin Kharkiv National University, Kharkiv, Ukraine; Department of Computer Engineering, Persian Gulf University, Bushehr, Iran","Xu H., College of Electronic Commerce, Luoyang Normal University, Henan, Luoyang, 471934, China, Henan Key Laboratory for Big Data Processing & Analytics of Electronic Commerce, Luoyang Normal University, Henan, Luoyang, 471934, China; Fan G., College of Electronic Commerce, Luoyang Normal University, Henan, Luoyang, 471934, China, Henan Key Laboratory for Big Data Processing & Analytics of Electronic Commerce, Luoyang Normal University, Henan, Luoyang, 471934, China; Sun L., College of Electronic Commerce, Luoyang Normal University, Henan, Luoyang, 471934, China, Binghamton University, Binghamton, United States; Li W., College of Electronic Commerce, Luoyang Normal University, Henan, Luoyang, 471934, China, Henan Key Laboratory for Big Data Processing & Analytics of Electronic Commerce, Luoyang Normal University, Henan, Luoyang, 471934, China; Kuang G., College of Electronic Commerce, Luoyang Normal University, Henan, Luoyang, 471934, China, Henan Key Laboratory for Big Data Processing & Analytics of Electronic Commerce, Luoyang Normal University, Henan, Luoyang, 471934, China; Fan B., School of Artificial Intelligence, V. N. Karazin Kharkiv National University, Kharkiv, Ukraine; Ahmadi G., Department of Computer Engineering, Persian Gulf University, Bushehr, Iran","13191578","","","All Open Access; Gold Open Access"
"Burgazli A.; Sergijenko O.; Vavilova I.","Burgazli, Alvina (56556907000); Sergijenko, Olga (34168321500); Vavilova, Iryna (16644308700)","56556907000; 34168321500; 16644308700","Machine learning in cosmology and gravitational wave astronomy: Recent trends","2022","","https://www.scopus.com/inward/record.uri?eid=2-s2.0-85139044493&partnerID=40&md5=0d8600d7df37d57f7f042c2c54920273","Main Astronomical Observatory of the NAS of Ukraine, Kyiv, Ukraine","Burgazli A., Main Astronomical Observatory of the NAS of Ukraine, Kyiv, Ukraine; Sergijenko O., Main Astronomical Observatory of the NAS of Ukraine, Kyiv, Ukraine; Vavilova I., Main Astronomical Observatory of the NAS of Ukraine, Kyiv, Ukraine","","979-888697234-4; 979-888697101-9","",""
"Neroda T.; Slipchyshyn L.","Neroda, Tetyana (57213689169); Slipchyshyn, Lidiia (57224617694)","57213689169; 57224617694","Web-Based Service Development for Intellectual Maintenance of the Personalized Educational and Professional Program : Adaptive provision of educational services in academic mobility context through automated improvement of quality and relevance of tutorial content","2022","10.1109/CSIT56902.2022.10000655","https://www.scopus.com/inward/record.uri?eid=2-s2.0-85146341884&doi=10.1109%2fCSIT56902.2022.10000655&partnerID=40&md5=9de50dbb9e359eb8eb7c1f74910fa6a5","Ukrainian Academy of Printing, Department of Automation and Computer Technology, Lviv, Ukraine; National Pedagogical Drahomanov University, Department of Theory and Methods of Technological Education, Drawing and Computer Graphics, Kyiv, Ukraine","Neroda T., Ukrainian Academy of Printing, Department of Automation and Computer Technology, Lviv, Ukraine; Slipchyshyn L., National Pedagogical Drahomanov University, Department of Theory and Methods of Technological Education, Drawing and Computer Graphics, Kyiv, Ukraine","27663655","979-835033431-9","",""
"Lysenko S.; Bobrovnikova K.; Popov P.; Kharchenko V.; Medzatyi D.","Lysenko, Sergii (54420643500); Bobrovnikova, Kira (56946906000); Popov, Peter (7102331155); Kharchenko, Viacheslav (22034616000); Medzatyi, Dmytro (56008190300)","54420643500; 56946906000; 7102331155; 22034616000; 56008190300","Spyware detection technique based on reinforcement learning","2020","","https://www.scopus.com/inward/record.uri?eid=2-s2.0-85088410476&partnerID=40&md5=a0f71152e9a28df0f642623f7f1735b2","Khmelnitsky National University, Khmelnitsky, Ukraine; City University, London, United Kingdom; National Aerospace University, Kharkiv Aviation Institute, Kharkiv, Ukraine","Lysenko S., Khmelnitsky National University, Khmelnitsky, Ukraine; Bobrovnikova K., Khmelnitsky National University, Khmelnitsky, Ukraine; Popov P., City University, London, United Kingdom; Kharchenko V., National Aerospace University, Kharkiv Aviation Institute, Kharkiv, Ukraine; Medzatyi D., Khmelnitsky National University, Khmelnitsky, Ukraine","16130073","","",""
"Feinberg E.A.; Kasyanov P.O.; Zgurovsky M.Z.","Feinberg, Eugene A. (7006435357); Kasyanov, Pavlo O. (23985304400); Zgurovsky, Michael Z. (6506327117)","7006435357; 23985304400; 6506327117","Convergence of value iterations for total-cost MDPs and POMDPs with general state and action sets","2014","10.1109/ADPRL.2014.7010613","https://www.scopus.com/inward/record.uri?eid=2-s2.0-84946686373&doi=10.1109%2fADPRL.2014.7010613&partnerID=40&md5=1ac806c78aa4cb0eac5be2e3770c8581","Department of Applied Mathematics and Statistics, Stony Brook University, Stony Brook, 11794-3600, NY, United States; Institute for Applied System Analysis, National Technical University of Ukraine, Kyiv Polytechnic Institute, Kyiv, 03056, Ukraine; National Technical University of Ukraine, Kyiv Polytechnic Institute, Kyiv, 03056, Ukraine","Feinberg E.A., Department of Applied Mathematics and Statistics, Stony Brook University, Stony Brook, 11794-3600, NY, United States; Kasyanov P.O., Institute for Applied System Analysis, National Technical University of Ukraine, Kyiv Polytechnic Institute, Kyiv, 03056, Ukraine; Zgurovsky M.Z., National Technical University of Ukraine, Kyiv Polytechnic Institute, Kyiv, 03056, Ukraine","","978-147994553-5","",""
"Fedorov E.; Nechyporenko O.","Fedorov, Eugene (47161155900); Nechyporenko, Olga (57216488854)","47161155900; 57216488854","Methods for Solving the Traveling Salesman Problem Based on Reinforcement Learning and Metaheuristics","2022","","https://www.scopus.com/inward/record.uri?eid=2-s2.0-85145561531&partnerID=40&md5=ae6bcd18779784dfccae085e6c65ebe9","Cherkasy State Technological University, Shevchenko blvd., 460, Cherkasy, 18006, Ukraine","Fedorov E., Cherkasy State Technological University, Shevchenko blvd., 460, Cherkasy, 18006, Ukraine; Nechyporenko O., Cherkasy State Technological University, Shevchenko blvd., 460, Cherkasy, 18006, Ukraine","16130073","","",""
"Kravets P.; Burov Y.; Lytvyn V.; Vysotska V.; Ryshkovets Y.; Brodyak O.; Vyshemyrska S.","Kravets, Petro (6603085655); Burov, Yevhen (57191242481); Lytvyn, Vasyl (56446930100); Vysotska, Victoria (24484045400); Ryshkovets, Yuriy (57207206470); Brodyak, Oksana (57193993937); Vyshemyrska, Svitlana (57210284358)","6603085655; 57191242481; 56446930100; 24484045400; 57207206470; 57193993937; 57210284358","Markovian Learning Methods in Decision-Making Systems","2022","10.1007/978-3-030-82014-5_28","https://www.scopus.com/inward/record.uri?eid=2-s2.0-85112646120&doi=10.1007%2f978-3-030-82014-5_28&partnerID=40&md5=c03860c794481a251ce4115402136b11","Lviv Polytechnic National University, Lviv, Ukraine; Kherson National Technical University, Kherson, Ukraine","Kravets P., Lviv Polytechnic National University, Lviv, Ukraine; Burov Y., Lviv Polytechnic National University, Lviv, Ukraine; Lytvyn V., Lviv Polytechnic National University, Lviv, Ukraine; Vysotska V., Lviv Polytechnic National University, Lviv, Ukraine; Ryshkovets Y., Lviv Polytechnic National University, Lviv, Ukraine; Brodyak O., Lviv Polytechnic National University, Lviv, Ukraine; Vyshemyrska S., Kherson National Technical University, Kherson, Ukraine","23674512","","",""
"Melnychuk S.; Kurova A.; Shvetsova I.; Shcherbakova O.; Tsilmak O.M.; Luts L.","Melnychuk, Svitlana (58628422200); Kurova, Anastasiia (57222469846); Shvetsova, Iryna (57223116027); Shcherbakova, Olena (57223116705); Tsilmak, Olena M. (57211914971); Luts, Lyudmyla (57220107691)","58628422200; 57222469846; 57223116027; 57223116705; 57211914971; 57220107691","THEORETICAL FUNDAMENTALS OF STUDY OF VALUES AND VALUE ORIENTATIONS IN MANAGEMENT OF PSYCHOLOGICAL SCIENTIFIC SPACE","2021","","https://www.scopus.com/inward/record.uri?eid=2-s2.0-85102774069&partnerID=40&md5=df82efb5be822420d55cc8e962af6b75","National Academy of Internal Affairs, Ukraine; National University “Odesa Law Academy”; Kherson State Maritime Academy, Ukraine; Institute for Children and Adolescents Health Care, The National Academy of Medical Sciences of Ukraine; Ivan Franko Lviv National University, Ukraine","Melnychuk S., National Academy of Internal Affairs, Ukraine; Kurova A., National University “Odesa Law Academy”; Shvetsova I., Kherson State Maritime Academy, Ukraine; Shcherbakova O., Institute for Children and Adolescents Health Care, The National Academy of Medical Sciences of Ukraine; Tsilmak O.M., National University “Odesa Law Academy”; Luts L., Ivan Franko Lviv National University, Ukraine","15247252","","",""
"Telenyk S.; Zharikov E.; Rolik O.","Telenyk, Sergii (55976080600); Zharikov, Eduard (57191415579); Rolik, Oleksandr (57191405413)","55976080600; 57191415579; 57191405413","Modeling of the Data Center Resource Management Using Reinforcement Learning","2018","10.1109/INFOCOMMST.2018.8632064","https://www.scopus.com/inward/record.uri?eid=2-s2.0-85062841141&doi=10.1109%2fINFOCOMMST.2018.8632064&partnerID=40&md5=6b1d3c921f344aeaaa72641fb78be751","Cracow University of Technology, Poland; National Technical University of Ukraine, Igor Sikorsky Kyiv Polytechnic Institute, Kyiv, Ukraine","Telenyk S., Cracow University of Technology, Poland; Zharikov E., National Technical University of Ukraine, Igor Sikorsky Kyiv Polytechnic Institute, Kyiv, Ukraine; Rolik O., National Technical University of Ukraine, Igor Sikorsky Kyiv Polytechnic Institute, Kyiv, Ukraine","","978-153866611-1","",""
"Zolotukhin O.; Filatov V.; Yerokhin A.; Kudryavtseva M.","Zolotukhin, Oleh (57207774022); Filatov, Valentin (56911938100); Yerokhin, Andriy (57189381444); Kudryavtseva, Maryna (57207765829)","57207774022; 56911938100; 57189381444; 57207765829","The Methods for the Prediction of Climate Control Indicators in the Internet of Things Systems","2021","","https://www.scopus.com/inward/record.uri?eid=2-s2.0-85121621992&partnerID=40&md5=f02fbb61fb7f3a1d760adcf0f150a863","Kharkiv National University of Radio Electronics, Nauky ave. 14, Kharkiv, 61166, Ukraine","Zolotukhin O., Kharkiv National University of Radio Electronics, Nauky ave. 14, Kharkiv, 61166, Ukraine; Filatov V., Kharkiv National University of Radio Electronics, Nauky ave. 14, Kharkiv, 61166, Ukraine; Yerokhin A., Kharkiv National University of Radio Electronics, Nauky ave. 14, Kharkiv, 61166, Ukraine; Kudryavtseva M., Kharkiv National University of Radio Electronics, Nauky ave. 14, Kharkiv, 61166, Ukraine","16130073","","",""
"Khoroshylov S.V.; Redka M.O.","Khoroshylov, S.V. (57170749900); Redka, M.O. (57574125700)","57170749900; 57574125700","DEEP LEARNING FOR SPACE GUIDANCE, NAVIGATION, AND CONTROL","2021","10.15407/knit2021.06.038","https://www.scopus.com/inward/record.uri?eid=2-s2.0-85128148085&doi=10.15407%2fknit2021.06.038&partnerID=40&md5=926309af63b4eb4b578315566137be4b","Institute of Technical Mechanics, The National Academy of Science of Ukraine, The State Space Agency of Ukraine, 15, Leshko-Popelya Str., Dnipro, 49005, Ukraine","Khoroshylov S.V., Institute of Technical Mechanics, The National Academy of Science of Ukraine, The State Space Agency of Ukraine, 15, Leshko-Popelya Str., Dnipro, 49005, Ukraine; Redka M.O., Institute of Technical Mechanics, The National Academy of Science of Ukraine, The State Space Agency of Ukraine, 15, Leshko-Popelya Str., Dnipro, 49005, Ukraine","15618889","","","All Open Access; Bronze Open Access"
"Sineglazov V.M.; Dolgorukov S.O.","Sineglazov, V.M. (6601983603); Dolgorukov, S.O. (56030195500)","6601983603; 56030195500","Reinforced Learning for Navigation Equipment Test Table CAD Systems Integration","2021","10.1109/APUAVD53804.2021.9615408","https://www.scopus.com/inward/record.uri?eid=2-s2.0-85123797952&doi=10.1109%2fAPUAVD53804.2021.9615408&partnerID=40&md5=ab5f0ac41ac56f88131b6af1d05f59b9","National Aviation University, Aviation Computer-Integrated Complexes Department, Kyiv, Ukraine","Sineglazov V.M., National Aviation University, Aviation Computer-Integrated Complexes Department, Kyiv, Ukraine; Dolgorukov S.O., National Aviation University, Aviation Computer-Integrated Complexes Department, Kyiv, Ukraine","","978-166543822-3","",""
"Yakovyna V.; Khavalko V.; Sherega V.; Boichuk A.; Barna A.","Yakovyna, Vitaliy (6602569305); Khavalko, Viktor (57189326140); Sherega, Viktor (57222493264); Boichuk, Andrii (57222494498); Barna, Andrii (57222488672)","6602569305; 57189326140; 57222493264; 57222494498; 57222488672","Biosignal and image processing system for emotion recognition applications","2021","","https://www.scopus.com/inward/record.uri?eid=2-s2.0-85102883863&partnerID=40&md5=47152c234076091cfa821ef51f937eb8","Lviv Polytechnic National University, Lviv, 79013, Ukraine","Yakovyna V., Lviv Polytechnic National University, Lviv, 79013, Ukraine; Khavalko V., Lviv Polytechnic National University, Lviv, 79013, Ukraine; Sherega V., Lviv Polytechnic National University, Lviv, 79013, Ukraine; Boichuk A., Lviv Polytechnic National University, Lviv, 79013, Ukraine; Barna A., Lviv Polytechnic National University, Lviv, 79013, Ukraine","16130073","","",""
"Vantsevich V.; Gorsich D.; Lozynskyy A.; Demkiv L.; Borovets T.; Klos S.","Vantsevich, V. (6602597868); Gorsich, D. (6701504402); Lozynskyy, A. (57194507106); Demkiv, L. (56437585400); Borovets, T. (57201905056); Klos, S. (57215661021)","6602597868; 6701504402; 57194507106; 56437585400; 57201905056; 57215661021","Agile Tyre Mobility: Observation and Control in Severe Terrain Environments","2020","10.1007/978-94-024-2021-0_22","https://www.scopus.com/inward/record.uri?eid=2-s2.0-85087561694&doi=10.1007%2f978-94-024-2021-0_22&partnerID=40&md5=2cec6d10f843735fd6eee9d3de29da36","University of Alabama at Birmingham, Birmingham, AL, United States; U.S. Army CCDC Ground Vehicle Systems Center, Warren, MI, United States; Lviv Polytechnic National University, Lviv, Ukraine","Vantsevich V., University of Alabama at Birmingham, Birmingham, AL, United States; Gorsich D., U.S. Army CCDC Ground Vehicle Systems Center, Warren, MI, United States; Lozynskyy A., Lviv Polytechnic National University, Lviv, Ukraine; Demkiv L., Lviv Polytechnic National University, Lviv, Ukraine; Borovets T., Lviv Polytechnic National University, Lviv, Ukraine; Klos S., Lviv Polytechnic National University, Lviv, Ukraine","18746500","","",""
"Tytarenko A.","Tytarenko, A. (57886132500)","57886132500","MULTI-STEP PREDICTION IN LINEARIZED LATENT STATE SPACES FOR REPRESENTATION LEARNING","2022","10.20535/SRIT.2308-8893.2022.3.09","https://www.scopus.com/inward/record.uri?eid=2-s2.0-85144350929&doi=10.20535%2fSRIT.2308-8893.2022.3.09&partnerID=40&md5=047f3ff224b3a0a5b9cb5b16fbece327","Educational and Research Institute for Applied System Analysis of the National Technical University of Ukraine “Igor Sikorsky Kyiv Polytechnic Institute”, Ukraine","Tytarenko A., Educational and Research Institute for Applied System Analysis of the National Technical University of Ukraine “Igor Sikorsky Kyiv Polytechnic Institute”, Ukraine","16816048","","","All Open Access; Gold Open Access; Green Open Access"
"Kravets P.; Lytvyn V.; Dobrotvor I.; Sachenko O.; Vysotska V.; Sachenko A.","Kravets, Petro (6603085655); Lytvyn, Vasyl (56446930100); Dobrotvor, Ihor (55400506500); Sachenko, Oleg (56008227000); Vysotska, Victoria (24484045400); Sachenko, Anatoliy (35518445600)","6603085655; 56446930100; 55400506500; 56008227000; 24484045400; 35518445600","Matrix Stochastic Game with Q-learning for Multi-agent Systems","2021","10.1007/978-3-030-80472-5_26","https://www.scopus.com/inward/record.uri?eid=2-s2.0-85111915732&doi=10.1007%2f978-3-030-80472-5_26&partnerID=40&md5=7a3e3ffb1ff116b77b7fc23f2cd12bf6","Lviv Polytechnic National University, Lviv, Ukraine; West Ukrainian National University, Ternopil, Ukraine","Kravets P., Lviv Polytechnic National University, Lviv, Ukraine; Lytvyn V., Lviv Polytechnic National University, Lviv, Ukraine; Dobrotvor I., West Ukrainian National University, Ternopil, Ukraine; Sachenko O., West Ukrainian National University, Ternopil, Ukraine; Vysotska V., Lviv Polytechnic National University, Lviv, Ukraine; Sachenko A., West Ukrainian National University, Ternopil, Ukraine","23674512","","",""
"Kopp A.; Orlovskyi D.","Kopp, Andrii (57202887287); Orlovskyi, Dmytro (57202894400)","57202887287; 57202894400","Towards Intelligent Technology for Error Detection and Quality Evaluation of Business Process Models","2023","","https://www.scopus.com/inward/record.uri?eid=2-s2.0-85154033579&partnerID=40&md5=6477d92b083fb122a19800446ea20f2e","National Technical University “Kharkiv Polytechnic Institute”, Kyrpychova str. 2, Kharkiv, 61002, Ukraine","Kopp A., National Technical University “Kharkiv Polytechnic Institute”, Kyrpychova str. 2, Kharkiv, 61002, Ukraine; Orlovskyi D., National Technical University “Kharkiv Polytechnic Institute”, Kyrpychova str. 2, Kharkiv, 61002, Ukraine","16130073","","",""
"Korshunova M.; Huang N.; Capuzzi S.; Radchenko D.S.; Savych O.; Moroz Y.S.; Wells C.I.; Willson T.M.; Tropsha A.; Isayev O.","Korshunova, Maria (57221629444); Huang, Niles (57222587656); Capuzzi, Stephen (56955490200); Radchenko, Dmytro S. (14819649600); Savych, Olena (57194721344); Moroz, Yuriy S. (57203849687); Wells, Carrow I. (55627784200); Willson, Timothy M. (7005517864); Tropsha, Alexander (35459284800); Isayev, Olexandr (23060975100)","57221629444; 57222587656; 56955490200; 14819649600; 57194721344; 57203849687; 55627784200; 7005517864; 35459284800; 23060975100","Generative and reinforcement learning approaches for the automated de novo design of bioactive compounds","2022","10.1038/s42004-022-00733-0","https://www.scopus.com/inward/record.uri?eid=2-s2.0-85140082097&doi=10.1038%2fs42004-022-00733-0&partnerID=40&md5=976fed8f1f5772fc8633311d5075d2b7","Department of Chemistry, Mellon College of Science, Carnegie Mellon University, Pittsburgh, PA, United States; Computational Biology Department, School of Computer Science, Carnegie Mellon University, Pittsburgh, PA, United States; Department of Biochemistry, University of Oxford, Oxford, United Kingdom; Laboratory for Molecular Modeling, UNC Eshelman School of Pharmacy, University of North Carolina at Chapel Hill, Chapel Hill, NC, United States; Enamine Ltd, 78 Chervonotkatska Street, Kyiv, 02094, Ukraine; Taras Shevchenko National University of Kyiv, Volodymyrska Street 60, Kyiv, 01601, Ukraine; Chemspace LLC, Chervonotkatska Street 85, Suite 1, Kyiv, 02094, Ukraine; Structual Genomics Consortium, UNC Eshelman School of Pharmacy, University of North Carolina at Chapel Hill, Chapel Hill, NC, United States","Korshunova M., Department of Chemistry, Mellon College of Science, Carnegie Mellon University, Pittsburgh, PA, United States, Computational Biology Department, School of Computer Science, Carnegie Mellon University, Pittsburgh, PA, United States; Huang N., Department of Biochemistry, University of Oxford, Oxford, United Kingdom; Capuzzi S., Laboratory for Molecular Modeling, UNC Eshelman School of Pharmacy, University of North Carolina at Chapel Hill, Chapel Hill, NC, United States; Radchenko D.S., Enamine Ltd, 78 Chervonotkatska Street, Kyiv, 02094, Ukraine, Taras Shevchenko National University of Kyiv, Volodymyrska Street 60, Kyiv, 01601, Ukraine; Savych O., Enamine Ltd, 78 Chervonotkatska Street, Kyiv, 02094, Ukraine; Moroz Y.S., Taras Shevchenko National University of Kyiv, Volodymyrska Street 60, Kyiv, 01601, Ukraine, Chemspace LLC, Chervonotkatska Street 85, Suite 1, Kyiv, 02094, Ukraine; Wells C.I., Structual Genomics Consortium, UNC Eshelman School of Pharmacy, University of North Carolina at Chapel Hill, Chapel Hill, NC, United States; Willson T.M., Structual Genomics Consortium, UNC Eshelman School of Pharmacy, University of North Carolina at Chapel Hill, Chapel Hill, NC, United States; Tropsha A., Laboratory for Molecular Modeling, UNC Eshelman School of Pharmacy, University of North Carolina at Chapel Hill, Chapel Hill, NC, United States; Isayev O., Department of Chemistry, Mellon College of Science, Carnegie Mellon University, Pittsburgh, PA, United States, Computational Biology Department, School of Computer Science, Carnegie Mellon University, Pittsburgh, PA, United States","23993669","","","All Open Access; Gold Open Access; Green Open Access"
"Dosyn D.","Dosyn, Dmytro (56983080500)","56983080500","CDSS architecture: Oriented on hierarchical reinforcement learning by automated planning","2022","10.4018/978-1-6684-5092-5.ch003","https://www.scopus.com/inward/record.uri?eid=2-s2.0-85162140889&doi=10.4018%2f978-1-6684-5092-5.ch003&partnerID=40&md5=c0986af916f6cd5375bd9d12916ad53e","Lviv Polytechnic National University, Ukraine","Dosyn D., Lviv Polytechnic National University, Ukraine","","978-166845094-9; 978-166845092-5","",""
"Demkiv L.I.; Lozynskyy A.O.; Vantsevich V.V.; Gorsich D.J.; Lytvyn V.V.; Klos S.R.; Letherwood M.D.","Demkiv, L.I. (56437585400); Lozynskyy, A.O. (57194507106); Vantsevich, V.V. (6602597868); Gorsich, D.J. (6701504402); Lytvyn, V.V. (56446930100); Klos, S.R. (57215661021); Letherwood, M.D. (6602466028)","56437585400; 57194507106; 6602597868; 6701504402; 56446930100; 57215661021; 6602466028","Fuzzy controller, designed by reinforcement learning, for vehicle traction system application","2021","10.23939/mmc2021.02.168","https://www.scopus.com/inward/record.uri?eid=2-s2.0-85105401476&doi=10.23939%2fmmc2021.02.168&partnerID=40&md5=8db71ee0ee04002014be7c27071e0fde","Lviv Polytechnic National University, 12 S. Bandera str, Lviv, 79013, Ukraine; University of Alabama at Birmingham, Birmingham, 35294, AL, United States; US Army CCDC Ground Vehicle Systems Center, Warren, MI, United States; Alion Science and Technilogy, Ground Vehicle Systems Center, Warren, MI, United States","Demkiv L.I., Lviv Polytechnic National University, 12 S. Bandera str, Lviv, 79013, Ukraine; Lozynskyy A.O., Lviv Polytechnic National University, 12 S. Bandera str, Lviv, 79013, Ukraine; Vantsevich V.V., University of Alabama at Birmingham, Birmingham, 35294, AL, United States; Gorsich D.J., US Army CCDC Ground Vehicle Systems Center, Warren, MI, United States; Lytvyn V.V., Lviv Polytechnic National University, 12 S. Bandera str, Lviv, 79013, Ukraine; Klos S.R., Lviv Polytechnic National University, 12 S. Bandera str, Lviv, 79013, Ukraine; Letherwood M.D., Alion Science and Technilogy, Ground Vehicle Systems Center, Warren, MI, United States","23129794","","","All Open Access; Bronze Open Access"
"Lukianykhin O.; Bogodorova T.","Lukianykhin, Oleh (57215548737); Bogodorova, Tetiana (56021095800)","57215548737; 56021095800","ModelicaGym: Applying reinforcement learning to Modelica models","2019","10.1145/3365984.3365985","https://www.scopus.com/inward/record.uri?eid=2-s2.0-85081134523&doi=10.1145%2f3365984.3365985&partnerID=40&md5=6af124dd794eebfabe94c6763b3349de","Ukrainian Catholic University, Lviv, Ukraine","Lukianykhin O., Ukrainian Catholic University, Lviv, Ukraine; Bogodorova T., Ukrainian Catholic University, Lviv, Ukraine","","978-145037713-3","","All Open Access; Green Open Access"
"Proskurin D.; Gnatyuk S.; Bauyrzhan M.","Proskurin, Dmytro (57871672100); Gnatyuk, Sergiy (36184129600); Bauyrzhan, Madina (57209853883)","57871672100; 36184129600; 57209853883","Distributive Training Can Improve Neural Network Performance based on RL-CNN Architecture","2021","","https://www.scopus.com/inward/record.uri?eid=2-s2.0-85137149534&partnerID=40&md5=3adf8cccbf309f182d10469df0aabbe4","National Aviation University, 1 Liubomyr Huzar ave., Kyiv, 03058, Ukraine; Satbayev University, 22 Satbayev str., Almaty, Kazakhstan","Proskurin D., National Aviation University, 1 Liubomyr Huzar ave., Kyiv, 03058, Ukraine; Gnatyuk S., National Aviation University, 1 Liubomyr Huzar ave., Kyiv, 03058, Ukraine; Bauyrzhan M., Satbayev University, 22 Satbayev str., Almaty, Kazakhstan","16130073","","",""
"Boyko N.","Boyko, Nataliya (57191967462)","57191967462","The Comprehensive Model of Using In-Depth Consolidated Multimodal Learning to Study Trading Strategies in the Securities Market","2023","10.1007/978-3-031-16203-9_8","https://www.scopus.com/inward/record.uri?eid=2-s2.0-85138693507&doi=10.1007%2f978-3-031-16203-9_8&partnerID=40&md5=996f0c7822766e17c36ed373c4724157","Lviv Polytechnic National University, Lviv, Ukraine","Boyko N., Lviv Polytechnic National University, Lviv, Ukraine","23674512","","",""
"Lytvyn V.; Vovnyanka R.; Oborska O.; Dosyn D.; Vysotska V.; Panasyuk V.","Lytvyn, Vasyl (56446930100); Vovnyanka, Roman (57204921512); Oborska, Oksana (55816397200); Dosyn, Dmytro (56983080500); Vysotska, Victoria (24484045400); Panasyuk, Valentyna (57200174627)","56446930100; 57204921512; 55816397200; 56983080500; 24484045400; 57200174627","Intelligent Agent Behavior Simulation Based on Reinforcement Learning","2020","10.1109/CSIT49958.2020.9321959","https://www.scopus.com/inward/record.uri?eid=2-s2.0-85100456367&doi=10.1109%2fCSIT49958.2020.9321959&partnerID=40&md5=0427776e4b95e1e99c3e1344e0465071","Lviv Polytechnic National University, Information Systems and Networks Department, Lviv, Ukraine; Ternopil National Economic University, Accounting and Taxation of Entrepreneurship Department, Ternopil, Ukraine","Lytvyn V., Lviv Polytechnic National University, Information Systems and Networks Department, Lviv, Ukraine; Vovnyanka R., Lviv Polytechnic National University, Information Systems and Networks Department, Lviv, Ukraine; Oborska O., Lviv Polytechnic National University, Information Systems and Networks Department, Lviv, Ukraine; Dosyn D., Lviv Polytechnic National University, Information Systems and Networks Department, Lviv, Ukraine; Vysotska V., Lviv Polytechnic National University, Information Systems and Networks Department, Lviv, Ukraine; Panasyuk V., Ternopil National Economic University, Accounting and Taxation of Entrepreneurship Department, Ternopil, Ukraine","27663655","978-172817443-3","",""
"Shopynskyi M.; Golian N.; Afanasieva I.","Shopynskyi, Maksym (57249461900); Golian, Nataliia (56007783500); Afanasieva, Iryna (57224184250)","57249461900; 56007783500; 57224184250","Long Short-Term Memory Model Appliance for Generating Music Compositions","2021","10.1109/PICST51311.2020.9468088","https://www.scopus.com/inward/record.uri?eid=2-s2.0-85114393153&doi=10.1109%2fPICST51311.2020.9468088&partnerID=40&md5=ae0ba3d857e766de4a4fa1451725d1f5","Kharkiv National University of Radio Electronics, Kharkiv, Ukraine","Shopynskyi M., Kharkiv National University of Radio Electronics, Kharkiv, Ukraine; Golian N., Kharkiv National University of Radio Electronics, Kharkiv, Ukraine; Afanasieva I., Kharkiv National University of Radio Electronics, Kharkiv, Ukraine","","978-172819177-5","",""
"Leoshchenko S.; Oliinyk A.; Subbotin S.; Lytvyn V.; Korniienko O.","Leoshchenko, Serhii (57221812771); Oliinyk, Andrii (55120940800); Subbotin, Sergey (7006531104); Lytvyn, Viktor (57208667532); Korniienko, Oleksandr (57223799522)","57221812771; 55120940800; 7006531104; 57208667532; 57223799522","Implementation of reinforcement learning strategies in the synthesis of neuromodels to solve medical diagnostics tasks","2021","","https://www.scopus.com/inward/record.uri?eid=2-s2.0-85121214126&partnerID=40&md5=0dc0dd76167d5141c3f80f97a02e5f02","National university “Zaporizhzhia polytechnic”, Zhukovskogo street 64, Zaporizhzhia, 69063, Ukraine","Leoshchenko S., National university “Zaporizhzhia polytechnic”, Zhukovskogo street 64, Zaporizhzhia, 69063, Ukraine; Oliinyk A., National university “Zaporizhzhia polytechnic”, Zhukovskogo street 64, Zaporizhzhia, 69063, Ukraine; Subbotin S., National university “Zaporizhzhia polytechnic”, Zhukovskogo street 64, Zaporizhzhia, 69063, Ukraine; Lytvyn V., National university “Zaporizhzhia polytechnic”, Zhukovskogo street 64, Zaporizhzhia, 69063, Ukraine; Korniienko O., National university “Zaporizhzhia polytechnic”, Zhukovskogo street 64, Zaporizhzhia, 69063, Ukraine","16130073","","",""
"Karkuljovskyy V.; Tkachenko S.; Khnykin O.","Karkuljovskyy, Volodymyr (24483597700); Tkachenko, Serhiy (24476686700); Khnykin, Oleksiy (37122051700)","24483597700; 24476686700; 37122051700","Genetic and reinforcement learning algorithms for data collection systems","2011","","https://www.scopus.com/inward/record.uri?eid=2-s2.0-80052176015&partnerID=40&md5=8e15fe413b07bc7ae1b0f6dc51fe1ce3","CAD Department, Lviv Polytechnic National University, Lviv, S. Bandery St., 12, Ukraine","Karkuljovskyy V., CAD Department, Lviv Polytechnic National University, Lviv, S. Bandery St., 12, Ukraine; Tkachenko S., CAD Department, Lviv Polytechnic National University, Lviv, S. Bandery St., 12, Ukraine; Khnykin O., CAD Department, Lviv Polytechnic National University, Lviv, S. Bandery St., 12, Ukraine","","978-966219119-6","",""
"Udovenko S.; Sorokin A.","Udovenko, Sergey (55975679100); Sorokin, Anton (55574520100)","55975679100; 55574520100","Localization and navigation of mobile robots in an environment with variable properties","2019","10.15587/1729-4061.2019.164337","https://www.scopus.com/inward/record.uri?eid=2-s2.0-85070438439&doi=10.15587%2f1729-4061.2019.164337&partnerID=40&md5=3ee5980e7cc87354b19a91432bb74834","Department of Informatics and Computer Technique, Simon Kuznets Kharkiv National University of Economics, Nauky ave., 9-A, Kharkiv, 61166, Ukraine; Department of Electronic Computers, Kharkiv National University of Radio Electronics, Nauky ave., 14, Kharkiv, 61166, Ukraine","Udovenko S., Department of Informatics and Computer Technique, Simon Kuznets Kharkiv National University of Economics, Nauky ave., 9-A, Kharkiv, 61166, Ukraine; Sorokin A., Department of Electronic Computers, Kharkiv National University of Radio Electronics, Nauky ave., 14, Kharkiv, 61166, Ukraine","17293774","","","All Open Access; Gold Open Access; Green Open Access"
